{"cameraMode":{"drawMode":0,"name":"Shaded","section":"Shading Mode"},"sceneLighting":true,"audioPlay":false,"sceneViewState":{"showFog":true,"showMaterialUpdate":false,"showSkybox":true,"showFlares":true,"showImageEffects":true,"showParticleSystems":true},"in2DMode":false,"pivot":{"x":80.82258605957031,"y":71.78840637207031,"z":-965.1978759765625},"rotation":{"x":0.14718972146511079,"y":-0.07795687019824982,"z":-0.011637712828814984,"w":-0.9859627485275269},"size":26.336517333984376,"orthographic":false}