{"cameraMode":{"drawMode":0,"name":"Shaded","section":"Shading Mode"},"sceneLighting":false,"audioPlay":false,"sceneViewState":{"showFog":true,"showMaterialUpdate":false,"showSkybox":false,"showFlares":true,"showImageEffects":true,"showParticleSystems":true},"in2DMode":false,"pivot":{"x":-6.493070602416992,"y":0.0,"z":-28.7701416015625},"rotation":{"x":0.2579309046268463,"y":0.028979700058698655,"z":-0.007740249391645193,"w":0.9656976461410523},"size":2.8578836917877199,"orthographic":true}