{"cameraMode":{"drawMode":0,"name":"Shaded","section":"Shading Mode"},"sceneLighting":true,"audioPlay":false,"sceneViewState":{"showFog":true,"showMaterialUpdate":false,"showSkybox":true,"showFlares":true,"showImageEffects":true,"showParticleSystems":true},"in2DMode":false,"pivot":{"x":-0.7678418755531311,"y":1.357817530632019,"z":-2.9100866317749025},"rotation":{"x":-0.004928724840283394,"y":0.9945363402366638,"z":0.0882466733455658,"w":0.055548932403326038},"size":0.6967904567718506,"orthographic":true}